"","model","auc"
"1","AFD",0.975308641975309
"2","LDA",0.975308641975309
"3","LDA simple",0.978675645342312
"4","QDA",0.972315750093528
"5","QDA simple",0.943883277216611
"6","GLM",0.880097268986158
"7","Ridge",0.981668537224093
"8","Lasso",0.979423868312757
"9","RF",0.948372615039282
"10","RF.balanced",0.973625140291807
"11","SVM lin",0.975308641975309
"12","SVM rbf",0.986157875046764
